name,link,rating
Sri Ananda Bhavan,/Restaurant_Review-g298298-d4861117-Reviews-Sri_Ananda_Bhavan-Ipoh_Kinta_District_Perak.html,4 of 5 bubbles
Ipoh Parade Shopping Centre,/Restaurant_Review-g298298-d1161426-Reviews-Ipoh_Parade_Shopping_Centre-Ipoh_Kinta_District_Perak.html,3.5 of 5 bubbles
Restoran Mun Choong S/B,/Restaurant_Review-g298298-d7118382-Reviews-Restoran_Mun_Choong_S_B-Ipoh_Kinta_District_Perak.html,4.5 of 5 bubbles
Hoong Tho Restaurant,/Restaurant_Review-g298298-d9595100-Reviews-Hoong_Tho_Restaurant-Ipoh_Kinta_District_Perak.html,4 of 5 bubbles
The Limestone's Fine Dining,/Restaurant_Review-g298298-d2193515-Reviews-The_Limestone_s_Fine_Dining-Ipoh_Kinta_District_Perak.html,4 of 5 bubbles
Foh San,/Restaurant_Review-g298298-d808589-Reviews-Foh_San-Ipoh_Kinta_District_Perak.html,3.5 of 5 bubbles
Vintage Cafe,/Restaurant_Review-g298298-d10810997-Reviews-Vintage_Cafe-Ipoh_Kinta_District_Perak.html,4.5 of 5 bubbles
Wong Koh Kee Restaurant,/Restaurant_Review-g298298-d4402762-Reviews-Wong_Koh_Kee_Restaurant-Ipoh_Kinta_District_Perak.html,4 of 5 bubbles
Volcano Grill Cafe,/Restaurant_Review-g298298-d7274308-Reviews-Volcano_Grill_Cafe-Ipoh_Kinta_District_Perak.html,4.5 of 5 bubbles
Restoran Xin Quan Fang,/Restaurant_Review-g298298-d5768660-Reviews-Restoran_Xin_Quan_Fang-Ipoh_Kinta_District_Perak.html,4 of 5 bubbles
Little Elephant,/Restaurant_Review-g298298-d10061176-Reviews-Little_Elephant-Ipoh_Kinta_District_Perak.html,4.5 of 5 bubbles
Restoran Assam House,/Restaurant_Review-g298298-d1161447-Reviews-Restoran_Assam_House-Ipoh_Kinta_District_Perak.html,4 of 5 bubbles
Sun Lee How Fook,/Restaurant_Review-g298298-d1501115-Reviews-Sun_Lee_How_Fook-Ipoh_Kinta_District_Perak.html,4 of 5 bubbles
Fu Tien Vegetarian Restaurant,/Restaurant_Review-g298298-d2256363-Reviews-Fu_Tien_Vegetarian_Restaurant-Ipoh_Kinta_District_Perak.html,4.5 of 5 bubbles
Koh Samui,/Restaurant_Review-g298298-d4450431-Reviews-Koh_Samui-Ipoh_Kinta_District_Perak.html,4 of 5 bubbles
Sun Yeong Wai,/Restaurant_Review-g298298-d10686452-Reviews-Sun_Yeong_Wai-Ipoh_Kinta_District_Perak.html,4.5 of 5 bubbles
Crabtain Hook Restaurant,/Restaurant_Review-g298298-d12705625-Reviews-Crabtain_Hook_Restaurant-Ipoh_Kinta_District_Perak.html,4.5 of 5 bubbles
Maharaj,/Restaurant_Review-g298298-d7086012-Reviews-Maharaj-Ipoh_Kinta_District_Perak.html,4 of 5 bubbles
Indulgence Restaurant,/Restaurant_Review-g298298-d1017591-Reviews-Indulgence_Restaurant-Ipoh_Kinta_District_Perak.html,3.5 of 5 bubbles
Tuck Kee Restaurant,/Restaurant_Review-g298298-d2488805-Reviews-Tuck_Kee_Restaurant-Ipoh_Kinta_District_Perak.html,3.5 of 5 bubbles
Kedai Makanan Rasa Lain,/Restaurant_Review-g298298-d7350371-Reviews-Kedai_Makanan_Rasa_Lain-Ipoh_Kinta_District_Perak.html,4 of 5 bubbles
Euro House,/Restaurant_Review-g298298-d3566353-Reviews-Euro_House-Ipoh_Kinta_District_Perak.html,4 of 5 bubbles
Sun Seng Fatt Curry House,/Restaurant_Review-g298298-d7006886-Reviews-Sun_Seng_Fatt_Curry_House-Ipoh_Kinta_District_Perak.html,4.5 of 5 bubbles
East Ocean Seafood Restaurant,/Restaurant_Review-g298298-d7359765-Reviews-East_Ocean_Seafood_Restaurant-Ipoh_Kinta_District_Perak.html,4 of 5 bubbles
Konda Kondi Cafe And Bistro,/Restaurant_Review-g298298-d10613811-Reviews-Konda_Kondi_Cafe_And_Bistro-Ipoh_Kinta_District_Perak.html,4.5 of 5 bubbles
Ipoh Hainan Chicken Rice,/Restaurant_Review-g298298-d2269913-Reviews-Ipoh_Hainan_Chicken_Rice-Ipoh_Kinta_District_Perak.html,3.5 of 5 bubbles
Restoran Sin Lean Lee,/Restaurant_Review-g298298-d9724526-Reviews-Restoran_Sin_Lean_Lee-Ipoh_Kinta_District_Perak.html,4.5 of 5 bubbles
Yuisa Japanese Home Made Cuisine,/Restaurant_Review-g298298-d9716409-Reviews-Yuisa_Japanese_Home_Made_Cuisine-Ipoh_Kinta_District_Perak.html,5 of 5 bubbles
STG Ipoh Oldtown,/Restaurant_Review-g298298-d7603190-Reviews-STG_Ipoh_Oldtown-Ipoh_Kinta_District_Perak.html,4.5 of 5 bubbles
Oversea Restaurant (Haewaytian),/Restaurant_Review-g298298-d5439175-Reviews-Oversea_Restaurant_Haewaytian-Ipoh_Kinta_District_Perak.html,4 of 5 bubbles
1919 Restaurant and Gallery,/Restaurant_Review-g298298-d1153068-Reviews-1919_Restaurant_and_Gallery-Ipoh_Kinta_District_Perak.html,4 of 5 bubbles
Old Andersonian Cafeteria,/Restaurant_Review-g298298-d3826915-Reviews-Old_Andersonian_Cafeteria-Ipoh_Kinta_District_Perak.html,4 of 5 bubbles
The Bistro,/Restaurant_Review-g298298-d2519052-Reviews-The_Bistro-Ipoh_Kinta_District_Perak.html,4.5 of 5 bubbles
Sun Kok Kee dim sum,/Restaurant_Review-g298298-d5791743-Reviews-Sun_Kok_Kee_dim_sum-Ipoh_Kinta_District_Perak.html,4.5 of 5 bubbles
Belfield Rd,/Restaurant_Review-g298298-d10682434-Reviews-Belfield_Rd-Ipoh_Kinta_District_Perak.html,4 of 5 bubbles
Black Canyon Coffee Restaurant,/Restaurant_Review-g298298-d5264075-Reviews-Black_Canyon_Coffee_Restaurant-Ipoh_Kinta_District_Perak.html,4 of 5 bubbles
Buntong Bean Sprout Chicken,/Restaurant_Review-g298298-d811988-Reviews-Buntong_Bean_Sprout_Chicken-Ipoh_Kinta_District_Perak.html,4 of 5 bubbles
Restaurant Nasi Lemak Ayam Kampung,/Restaurant_Review-g298298-d4605897-Reviews-Restaurant_Nasi_Lemak_Ayam_Kampung-Ipoh_Kinta_District_Perak.html,3.5 of 5 bubbles
Lai Kee Soya,/Restaurant_Review-g298298-d9884059-Reviews-Lai_Kee_Soya-Ipoh_Kinta_District_Perak.html,4.5 of 5 bubbles
Restoran Simpang Tiga (Medan-Ipoh),/Restaurant_Review-g298298-d5849955-Reviews-Restoran_Simpang_Tiga_Medan_Ipoh-Ipoh_Kinta_District_Perak.html,4 of 5 bubbles
Restoran M Salim,/Restaurant_Review-g298298-d1161449-Reviews-Restoran_M_Salim-Ipoh_Kinta_District_Perak.html,4 of 5 bubbles
Marianis Italian Restaurant,/Restaurant_Review-g298298-d11491589-Reviews-Marianis_Italian_Restaurant-Ipoh_Kinta_District_Perak.html,4 of 5 bubbles
Kedai Makanan Different Taste,/Restaurant_Review-g298298-d8727473-Reviews-Kedai_Makanan_Different_Taste-Ipoh_Kinta_District_Perak.html,4.5 of 5 bubbles
Restoran Nasi Ayam Pak Kong,/Restaurant_Review-g298298-d11045491-Reviews-Restoran_Nasi_Ayam_Pak_Kong-Ipoh_Kinta_District_Perak.html,4 of 5 bubbles
Hakka Mee Restaurant Paris (Yin Yau Kui),/Restaurant_Review-g298298-d2487099-Reviews-Hakka_Mee_Restaurant_Paris_Yin_Yau_Kui-Ipoh_Kinta_District_Perak.html,4 of 5 bubbles
Restoran Mee Rebus Ramli,/Restaurant_Review-g298298-d5583538-Reviews-Restoran_Mee_Rebus_Ramli-Ipoh_Kinta_District_Perak.html,4 of 5 bubbles
Onn Kee Restaurant (Tauge Ayam Kue Tiau),/Restaurant_Review-g298298-d3176071-Reviews-Onn_Kee_Restaurant_Tauge_Ayam_Kue_Tiau-Ipoh_Kinta_District_Perak.html,3.5 of 5 bubbles
Restoran Chooi Yue Dim Sum,/Restaurant_Review-g298298-d7342312-Reviews-Restoran_Chooi_Yue_Dim_Sum-Ipoh_Kinta_District_Perak.html,3.5 of 5 bubbles
Restoran Yoke Fook Moon,/Restaurant_Review-g298298-d4153778-Reviews-Restoran_Yoke_Fook_Moon-Ipoh_Kinta_District_Perak.html,3.5 of 5 bubbles
Curry Keng,/Restaurant_Review-g298298-d12034946-Reviews-Curry_Keng-Ipoh_Kinta_District_Perak.html,4.5 of 5 bubbles
Mustard Sandwich House,/Restaurant_Review-g298298-d10516646-Reviews-Mustard_Sandwich_House-Ipoh_Kinta_District_Perak.html,4.5 of 5 bubbles
Everyday Lifeshop Cafe,/Restaurant_Review-g298298-d10236054-Reviews-Everyday_Lifeshop_Cafe-Ipoh_Kinta_District_Perak.html,4 of 5 bubbles
David's Diner,/Restaurant_Review-g298298-d11045403-Reviews-David_s_Diner-Ipoh_Kinta_District_Perak.html,5 of 5 bubbles
Restoran Moon De Moon,/Restaurant_Review-g298298-d11801872-Reviews-Restoran_Moon_De_Moon-Ipoh_Kinta_District_Perak.html,4 of 5 bubbles
Medan Selera Dato Sagor,/Restaurant_Review-g298298-d7006947-Reviews-Medan_Selera_Dato_Sagor-Ipoh_Kinta_District_Perak.html,4 of 5 bubbles
Maria's Steak Cafe,/Restaurant_Review-g298298-d7274214-Reviews-Maria_s_Steak_Cafe-Ipoh_Kinta_District_Perak.html,3.5 of 5 bubbles
Spade's Burger Ipoh,/Restaurant_Review-g298298-d13237593-Reviews-Spade_s_Burger_Ipoh-Ipoh_Kinta_District_Perak.html,4 of 5 bubbles
de Classroom,/Restaurant_Review-g298298-d10483023-Reviews-De_Classroom-Ipoh_Kinta_District_Perak.html,3.5 of 5 bubbles
Unique Seafood Ipoh,/Restaurant_Review-g298298-d7915528-Reviews-Unique_Seafood_Ipoh-Ipoh_Kinta_District_Perak.html,4 of 5 bubbles
Foods Project,/Restaurant_Review-g298298-d10720394-Reviews-Foods_Project-Ipoh_Kinta_District_Perak.html,4.5 of 5 bubbles
Healy Mac's Irish Bar and Restaurant,/Restaurant_Review-g298298-d4341261-Reviews-Healy_Mac_s_Irish_Bar_and_Restaurant-Ipoh_Kinta_District_Perak.html,4.5 of 5 bubbles
Aun Kheng Lim Salted Chicken,/Restaurant_Review-g298298-d7598667-Reviews-Aun_Kheng_Lim_Salted_Chicken-Ipoh_Kinta_District_Perak.html,4 of 5 bubbles
Burps & Giggles,/Restaurant_Review-g298298-d3628405-Reviews-Burps_Giggles-Ipoh_Kinta_District_Perak.html,4 of 5 bubbles
"Pusing Public Seafood Restaurant, Seafood",/Restaurant_Review-g298298-d2262569-Reviews-Pusing_Public_Seafood_Restaurant_Seafood-Ipoh_Kinta_District_Perak.html,4 of 5 bubbles
Pakeeza Restaurant,/Restaurant_Review-g298298-d2507480-Reviews-Pakeeza_Restaurant-Ipoh_Kinta_District_Perak.html,4 of 5 bubbles
Tandoor Grill,/Restaurant_Review-g298298-d4101744-Reviews-Tandoor_Grill-Ipoh_Kinta_District_Perak.html,4.5 of 5 bubbles
Ming Court Hong Kong Tim Sum,/Restaurant_Review-g298298-d4153772-Reviews-Ming_Court_Hong_Kong_Tim_Sum-Ipoh_Kinta_District_Perak.html,4 of 5 bubbles
Restoran New Hollywood,/Restaurant_Review-g298298-d8672722-Reviews-Restoran_New_Hollywood-Ipoh_Kinta_District_Perak.html,4.5 of 5 bubbles
Garvy's French Dining,/Restaurant_Review-g298298-d5287747-Reviews-Garvy_s_French_Dining-Ipoh_Kinta_District_Perak.html,4.5 of 5 bubbles
Dai Shu Geok (Big Tree Foot),/Restaurant_Review-g298298-d2477688-Reviews-Dai_Shu_Geok_Big_Tree_Foot-Ipoh_Kinta_District_Perak.html,4 of 5 bubbles
Michelangelo's Pizzeria,/Restaurant_Review-g298298-d2320268-Reviews-Michelangelo_s_Pizzeria-Ipoh_Kinta_District_Perak.html,4 of 5 bubbles
Greentown Dimsum Cafe,/Restaurant_Review-g298298-d7353073-Reviews-Greentown_Dimsum_Cafe-Ipoh_Kinta_District_Perak.html,4 of 5 bubbles
The Pomelo - The Banjaran Hotsprings Retreat,/Restaurant_Review-g298298-d2432879-Reviews-The_Pomelo_The_Banjaran_Hotsprings_Retreat-Ipoh_Kinta_District_Perak.html,4 of 5 bubbles
Restoran Cowan Street Ayam Tauge & Koitiau,/Restaurant_Review-g298298-d8527989-Reviews-Restoran_Cowan_Street_Ayam_Tauge_Koitiau-Ipoh_Kinta_District_Perak.html,4 of 5 bubbles
Plan B,/Restaurant_Review-g298298-d4825683-Reviews-Plan_B-Ipoh_Kinta_District_Perak.html,3.5 of 5 bubbles
Sun Marpoh Restaurant,/Restaurant_Review-g298298-d8381225-Reviews-Sun_Marpoh_Restaurant-Ipoh_Kinta_District_Perak.html,4.5 of 5 bubbles
Ipoh Tuck Kee,/Restaurant_Review-g298298-d7008452-Reviews-Ipoh_Tuck_Kee-Ipoh_Kinta_District_Perak.html,4 of 5 bubbles
Nasi Vanggey,/Restaurant_Review-g298298-d3294251-Reviews-Nasi_Vanggey-Ipoh_Kinta_District_Perak.html,4 of 5 bubbles
Yum yum,/Restaurant_Review-g298298-d878279-Reviews-Yum_yum-Ipoh_Kinta_District_Perak.html,4 of 5 bubbles
Sin Hup Kee Restaurant,/Restaurant_Review-g298298-d5263574-Reviews-Sin_Hup_Kee_Restaurant-Ipoh_Kinta_District_Perak.html,4 of 5 bubbles
Lou Wong Bean Sprout Chicken,/Restaurant_Review-g298298-d1058387-Reviews-Lou_Wong_Bean_Sprout_Chicken-Ipoh_Kinta_District_Perak.html,3.5 of 5 bubbles
Concubine Lane Tau Fu Fa,/Restaurant_Review-g298298-d10359606-Reviews-Concubine_Lane_Tau_Fu_Fa-Ipoh_Kinta_District_Perak.html,4.5 of 5 bubbles
Restoran Syw,/Restaurant_Review-g298298-d8447852-Reviews-Restoran_Syw-Ipoh_Kinta_District_Perak.html,4.5 of 5 bubbles
STG Tea House Cafe,/Restaurant_Review-g298298-d4662464-Reviews-STG_Tea_House_Cafe-Ipoh_Kinta_District_Perak.html,4 of 5 bubbles
The Museum New Concept In Tow,/Restaurant_Review-g298298-d12847330-Reviews-The_Museum_New_Concept_In_Tow-Ipoh_Kinta_District_Perak.html,5 of 5 bubbles
Citrus Wine & Dine,/Restaurant_Review-g298298-d5270546-Reviews-Citrus_Wine_Dine-Ipoh_Kinta_District_Perak.html,4.5 of 5 bubbles
Zento Sushi,/Restaurant_Review-g298298-d3906127-Reviews-Zento_Sushi-Ipoh_Kinta_District_Perak.html,4 of 5 bubbles
Maiale Japanese Style Italian Restaurant,/Restaurant_Review-g298298-d8383335-Reviews-Maiale_Japanese_Style_Italian_Restaurant-Ipoh_Kinta_District_Perak.html,4.5 of 5 bubbles
Jeff's Cellar,/Restaurant_Review-g298298-d12166856-Reviews-Jeff_s_Cellar-Ipoh_Kinta_District_Perak.html,5 of 5 bubbles
Vnam,/Restaurant_Review-g298298-d4877860-Reviews-Vnam-Ipoh_Kinta_District_Perak.html,4 of 5 bubbles
Ding Feng Teow Chew Tau Fu Fa,/Restaurant_Review-g298298-d10248582-Reviews-Ding_Feng_Teow_Chew_Tau_Fu_Fa-Ipoh_Kinta_District_Perak.html,4 of 5 bubbles
Nasi Ayam Puziah Bazar Bulat,/Restaurant_Review-g298298-d1231555-Reviews-Nasi_Ayam_Puziah_Bazar_Bulat-Ipoh_Kinta_District_Perak.html,4 of 5 bubbles
Penang Road Famous Teochew Chendul,/Restaurant_Review-g298298-d8542076-Reviews-Penang_Road_Famous_Teochew_Chendul-Ipoh_Kinta_District_Perak.html,4 of 5 bubbles
Bricks & Barrels,/Restaurant_Review-g298298-d5449103-Reviews-Bricks_Barrels-Ipoh_Kinta_District_Perak.html,3.5 of 5 bubbles
Wing zone,/Restaurant_Review-g298298-d12105769-Reviews-Wing_zone-Ipoh_Kinta_District_Perak.html,4 of 5 bubbles
Ipoh Garden Gourmet Square Sdn. Bhd.,/Restaurant_Review-g298298-d5863091-Reviews-Ipoh_Garden_Gourmet_Square_Sdn_Bhd-Ipoh_Kinta_District_Perak.html,4 of 5 bubbles
Restoran Nasi Vanggey Station 18,/Restaurant_Review-g298298-d6861565-Reviews-Restoran_Nasi_Vanggey_Station_18-Ipoh_Kinta_District_Perak.html,4 of 5 bubbles
Yuk Sou Hin,/Restaurant_Review-g298298-d8414243-Reviews-Yuk_Sou_Hin-Ipoh_Kinta_District_Perak.html,3.5 of 5 bubbles
K10 Claypot Chicken Rice,/Restaurant_Review-g298298-d7006944-Reviews-K10_Claypot_Chicken_Rice-Ipoh_Kinta_District_Perak.html,3.5 of 5 bubbles
Kok Thai Restaurant,/Restaurant_Review-g298298-d7359059-Reviews-Kok_Thai_Restaurant-Ipoh_Kinta_District_Perak.html,4 of 5 bubbles
Atas Speakeasy,/Restaurant_Review-g298298-d13497660-Reviews-Atas_Speakeasy-Ipoh_Kinta_District_Perak.html,5 of 5 bubbles
Canton-i,/Restaurant_Review-g298298-d4131558-Reviews-Canton_i-Ipoh_Kinta_District_Perak.html,4.5 of 5 bubbles
Delight Seafood Restaurant,/Restaurant_Review-g298298-d4783282-Reviews-Delight_Seafood_Restaurant-Ipoh_Kinta_District_Perak.html,4 of 5 bubbles
Cuisines,/Restaurant_Review-g298298-d12211671-Reviews-Cuisines-Ipoh_Kinta_District_Perak.html,4.5 of 5 bubbles
Restoran Moga Punjab,/Restaurant_Review-g298298-d9717138-Reviews-Restoran_Moga_Punjab-Ipoh_Kinta_District_Perak.html,4 of 5 bubbles
Huat Chicken Restaurant,/Restaurant_Review-g298298-d10529038-Reviews-Huat_Chicken_Restaurant-Ipoh_Kinta_District_Perak.html,4 of 5 bubbles
Restoran Mee Udang & Ketam Sempoi Diraja,/Restaurant_Review-g298298-d8668895-Reviews-Restoran_Mee_Udang_Ketam_Sempoi_Diraja-Ipoh_Kinta_District_Perak.html,4 of 5 bubbles
Berlin's Bier Houz,/Restaurant_Review-g298298-d3497863-Reviews-Berlin_s_Bier_Houz-Ipoh_Kinta_District_Perak.html,3.5 of 5 bubbles
Peak Village Cafe,/Restaurant_Review-g298298-d8456966-Reviews-Peak_Village_Cafe-Ipoh_Kinta_District_Perak.html,5 of 5 bubbles
East Come Restaurant,/Restaurant_Review-g298298-d6973526-Reviews-East_Come_Restaurant-Ipoh_Kinta_District_Perak.html,4 of 5 bubbles
Rojak N Cendol Padang Ipoh,/Restaurant_Review-g298298-d9458152-Reviews-Rojak_N_Cendol_Padang_Ipoh-Ipoh_Kinta_District_Perak.html,3.5 of 5 bubbles
Restoran Chef Fatt,/Restaurant_Review-g298298-d10713232-Reviews-Restoran_Chef_Fatt-Ipoh_Kinta_District_Perak.html,4 of 5 bubbles
Restaurant Lucky Ipoh,/Restaurant_Review-g298298-d11826816-Reviews-Restaurant_Lucky_Ipoh-Ipoh_Kinta_District_Perak.html,4 of 5 bubbles
Woolley Food City,/Restaurant_Review-g298298-d877522-Reviews-Woolley_Food_City-Ipoh_Kinta_District_Perak.html,3.5 of 5 bubbles
Facey Noodle House,/Restaurant_Review-g298298-d7226674-Reviews-Facey_Noodle_House-Ipoh_Kinta_District_Perak.html,4.5 of 5 bubbles
Restoran Choong Kee Pokok Besar,/Restaurant_Review-g298298-d8852624-Reviews-Restoran_Choong_Kee_Pokok_Besar-Ipoh_Kinta_District_Perak.html,4 of 5 bubbles
Kafe Yoon Wah,/Restaurant_Review-g298298-d7367607-Reviews-Kafe_Yoon_Wah-Ipoh_Kinta_District_Perak.html,3.5 of 5 bubbles
Having's,/Restaurant_Review-g298298-d13423276-Reviews-Having_s-Ipoh_Kinta_District_Perak.html,4.5 of 5 bubbles
Nam Fatt Fish Ball Noodle House,/Restaurant_Review-g298298-d7066739-Reviews-Nam_Fatt_Fish_Ball_Noodle_House-Ipoh_Kinta_District_Perak.html,4 of 5 bubbles
Chee Cheong Fun At Ipoh Parade,/Restaurant_Review-g298298-d1138319-Reviews-Chee_Cheong_Fun_At_Ipoh_Parade-Ipoh_Kinta_District_Perak.html,4 of 5 bubbles
Kedai Kopi Keng Nam,/Restaurant_Review-g298298-d9727392-Reviews-Kedai_Kopi_Keng_Nam-Ipoh_Kinta_District_Perak.html,4 of 5 bubbles
Squirrels Hideout,/Restaurant_Review-g298298-d13326324-Reviews-Squirrels_Hideout-Ipoh_Kinta_District_Perak.html,5 of 5 bubbles
Biskut dan Kuih Sin Mee Fah,/Restaurant_Review-g298298-d8449991-Reviews-Biskut_dan_Kuih_Sin_Mee_Fah-Ipoh_Kinta_District_Perak.html,5 of 5 bubbles
Ninety One I,/Restaurant_Review-g298298-d10664296-Reviews-Ninety_One_I-Ipoh_Kinta_District_Perak.html,4.5 of 5 bubbles
Sin Fonzie,/Restaurant_Review-g298298-d7359713-Reviews-Sin_Fonzie-Ipoh_Kinta_District_Perak.html,4.5 of 5 bubbles
Restoran Sayuran Chuk Lum,/Restaurant_Review-g298298-d10691789-Reviews-Restoran_Sayuran_Chuk_Lum-Ipoh_Kinta_District_Perak.html,4 of 5 bubbles
Restaurant Caterbest,/Restaurant_Review-g298298-d10415726-Reviews-Restaurant_Caterbest-Ipoh_Kinta_District_Perak.html,4.5 of 5 bubbles
Restoran Hung Ting,/Restaurant_Review-g298298-d10622221-Reviews-Restoran_Hung_Ting-Ipoh_Kinta_District_Perak.html,5 of 5 bubbles
Tan Ngan Lo Herbal Tea Cafe,/Restaurant_Review-g298298-d11964713-Reviews-Tan_Ngan_Lo_Herbal_Tea_Cafe-Ipoh_Kinta_District_Perak.html,4 of 5 bubbles
Yee Fatt,/Restaurant_Review-g298298-d10821091-Reviews-Yee_Fatt-Ipoh_Kinta_District_Perak.html,4.5 of 5 bubbles
Weng Kee Seafood Restaurant,/Restaurant_Review-g298298-d5432263-Reviews-Weng_Kee_Seafood_Restaurant-Ipoh_Kinta_District_Perak.html,4 of 5 bubbles
Vegan Delights,/Restaurant_Review-g298298-d11965263-Reviews-Vegan_Delights-Ipoh_Kinta_District_Perak.html,4.5 of 5 bubbles
Medan Selera Dato Tawhil Azar,/Restaurant_Review-g298298-d1161428-Reviews-Medan_Selera_Dato_Tawhil_Azar-Ipoh_Kinta_District_Perak.html,4 of 5 bubbles
E Poh Ayam Garam,/Restaurant_Review-g298298-d13164185-Reviews-E_Poh_Ayam_Garam-Ipoh_Kinta_District_Perak.html,4.5 of 5 bubbles
Lok Hin Dim Sum,/Restaurant_Review-g298298-d8843577-Reviews-Lok_Hin_Dim_Sum-Ipoh_Kinta_District_Perak.html,4 of 5 bubbles
Myth Expresso Bar,/Restaurant_Review-g298298-d12690702-Reviews-Myth_Expresso_Bar-Ipoh_Kinta_District_Perak.html,4.5 of 5 bubbles
A LI YAA Island Restaurant and Bar (Ipoh),/Restaurant_Review-g298298-d7702275-Reviews-A_LI_YAA_Island_Restaurant_and_Bar_Ipoh-Ipoh_Kinta_District_Perak.html,4.5 of 5 bubbles
Kedai Kopi Ah Chow,/Restaurant_Review-g298298-d8685533-Reviews-Kedai_Kopi_Ah_Chow-Ipoh_Kinta_District_Perak.html,4 of 5 bubbles
Hadramout Paradise,/Restaurant_Review-g298298-d3864687-Reviews-Hadramout_Paradise-Ipoh_Kinta_District_Perak.html,3.5 of 5 bubbles
Hokkaido Japanese Cuisine,/Restaurant_Review-g298298-d5999583-Reviews-Hokkaido_Japanese_Cuisine-Ipoh_Kinta_District_Perak.html,4 of 5 bubbles
Restaurant Kim Wah,/Restaurant_Review-g298298-d10635276-Reviews-Restaurant_Kim_Wah-Ipoh_Kinta_District_Perak.html,4.5 of 5 bubbles
Cakchibow Cafe,/Restaurant_Review-g298298-d9597147-Reviews-Cakchibow_Cafe-Ipoh_Kinta_District_Perak.html,4.5 of 5 bubbles
Khun Mae Thai Restaurant,/Restaurant_Review-g298298-d13220097-Reviews-Khun_Mae_Thai_Restaurant-Ipoh_Kinta_District_Perak.html,4.5 of 5 bubbles
Restoran Ayam Taugeh,/Restaurant_Review-g298298-d10032091-Reviews-Restoran_Ayam_Taugeh-Ipoh_Kinta_District_Perak.html,4.5 of 5 bubbles
Baan Thai Restaurant,/Restaurant_Review-g298298-d10925981-Reviews-Baan_Thai_Restaurant-Ipoh_Kinta_District_Perak.html,4 of 5 bubbles
Restaurant Rasa Sayang Chicken Rice,/Restaurant_Review-g298298-d12908911-Reviews-Restaurant_Rasa_Sayang_Chicken_Rice-Ipoh_Kinta_District_Perak.html,4 of 5 bubbles
Hock Kee Teochew Porridge Restaurant,/Restaurant_Review-g298298-d13795218-Reviews-Hock_Kee_Teochew_Porridge_Restaurant-Ipoh_Kinta_District_Perak.html,5 of 5 bubbles
Breda Cafe,/Restaurant_Review-g298298-d13521358-Reviews-Breda_Cafe-Ipoh_Kinta_District_Perak.html,5 of 5 bubbles
Tengood,/Restaurant_Review-g298298-d12636956-Reviews-Tengood-Ipoh_Kinta_District_Perak.html,4.5 of 5 bubbles
Wah Chai Seafood,/Restaurant_Review-g298298-d13329555-Reviews-Wah_Chai_Seafood-Ipoh_Kinta_District_Perak.html,5 of 5 bubbles
Ipoh Old Town Tart King,/Restaurant_Review-g298298-d13318054-Reviews-Ipoh_Old_Town_Tart_King-Ipoh_Kinta_District_Perak.html,5 of 5 bubbles
Kedai Kopi Jen Jen,/Restaurant_Review-g298298-d12072311-Reviews-Kedai_Kopi_Jen_Jen-Ipoh_Kinta_District_Perak.html,4 of 5 bubbles
Subway,/Restaurant_Review-g298298-d9680967-Reviews-Subway-Ipoh_Kinta_District_Perak.html,4 of 5 bubbles
Restoran Grandview,/Restaurant_Review-g298298-d7803173-Reviews-Restoran_Grandview-Ipoh_Kinta_District_Perak.html,5 of 5 bubbles
Food & Desire Cafe,/Restaurant_Review-g298298-d8609378-Reviews-Food_Desire_Cafe-Ipoh_Kinta_District_Perak.html,4 of 5 bubbles
Vegan life restoran,/Restaurant_Review-g298298-d8651289-Reviews-Vegan_life_restoran-Ipoh_Kinta_District_Perak.html,3.5 of 5 bubbles
The Deck,/Restaurant_Review-g298298-d8110933-Reviews-The_Deck-Ipoh_Kinta_District_Perak.html,3.5 of 5 bubbles
Jose & Deli,/Restaurant_Review-g298298-d8696602-Reviews-Jose_Deli-Ipoh_Kinta_District_Perak.html,3.5 of 5 bubbles
Home Made Yong Tow Fu Pasir Pinji Ipoh,/Restaurant_Review-g298298-d7209601-Reviews-Home_Made_Yong_Tow_Fu_Pasir_Pinji_Ipoh-Ipoh_Kinta_District_Perak.html,4.5 of 5 bubbles
Yeop's Kitchen,/Restaurant_Review-g298298-d11918604-Reviews-Yeop_s_Kitchen-Ipoh_Kinta_District_Perak.html,4.5 of 5 bubbles
DIY Mini Hotpot,/Restaurant_Review-g298298-d10151115-Reviews-DIY_Mini_Hotpot-Ipoh_Kinta_District_Perak.html,4.5 of 5 bubbles
Allongs Restaurant,/Restaurant_Review-g298298-d9803823-Reviews-Allongs_Restaurant-Ipoh_Kinta_District_Perak.html,4 of 5 bubbles
Meeru Valley Resort,/Restaurant_Review-g298298-d10323706-Reviews-Meeru_Valley_Resort-Ipoh_Kinta_District_Perak.html,3.5 of 5 bubbles
Olivenz Cafe,/Restaurant_Review-g298298-d8827464-Reviews-Olivenz_Cafe-Ipoh_Kinta_District_Perak.html,3.5 of 5 bubbles
Tiffin Restaurant,/Restaurant_Review-g298298-d8546676-Reviews-Tiffin_Restaurant-Ipoh_Kinta_District_Perak.html,3.5 of 5 bubbles
Fried Noodle Stall at Restoran The Little Ipoh,/Restaurant_Review-g298298-d10032069-Reviews-Fried_Noodle_Stall_at_Restoran_The_Little_Ipoh-Ipoh_Kinta_District_Perak.html,5 of 5 bubbles
New Paradise Restaurant,/Restaurant_Review-g298298-d9607958-Reviews-New_Paradise_Restaurant-Ipoh_Kinta_District_Perak.html,4.5 of 5 bubbles
Shinjuku Japanese Cuisine,/Restaurant_Review-g298298-d10290719-Reviews-Shinjuku_Japanese_Cuisine-Ipoh_Kinta_District_Perak.html,3.5 of 5 bubbles
SSTC,/Restaurant_Review-g298298-d5863181-Reviews-SSTC-Ipoh_Kinta_District_Perak.html,4.5 of 5 bubbles
PakNil's BBQ & Grill,/Restaurant_Review-g298298-d10751291-Reviews-PakNil_s_BBQ_Grill-Ipoh_Kinta_District_Perak.html,4.5 of 5 bubbles
Mat Periuk Cafe,/Restaurant_Review-g298298-d7591193-Reviews-Mat_Periuk_Cafe-Ipoh_Kinta_District_Perak.html,3.5 of 5 bubbles
Sri Aryaa Bahvan,/Restaurant_Review-g298298-d13547100-Reviews-Sri_Aryaa_Bahvan-Ipoh_Kinta_District_Perak.html,4.5 of 5 bubbles
Restoran Two Six,/Restaurant_Review-g298298-d13336665-Reviews-Restoran_Two_Six-Ipoh_Kinta_District_Perak.html,4.5 of 5 bubbles
Restoran Shabu Shabu & Stimbot,/Restaurant_Review-g298298-d5431958-Reviews-Restoran_Shabu_Shabu_Stimbot-Ipoh_Kinta_District_Perak.html,3.5 of 5 bubbles
BBQ LAMB IPOH-Roasted & Grill,/Restaurant_Review-g298298-d8633652-Reviews-BBQ_LAMB_IPOH_Roasted_Grill-Ipoh_Kinta_District_Perak.html,3.5 of 5 bubbles
Y Food Box Restaurant,/Restaurant_Review-g298298-d13124547-Reviews-Y_Food_Box_Restaurant-Ipoh_Kinta_District_Perak.html,4.5 of 5 bubbles
Restoran Hong Xing Dim Sum,/Restaurant_Review-g298298-d5873153-Reviews-Restoran_Hong_Xing_Dim_Sum-Ipoh_Kinta_District_Perak.html,3.5 of 5 bubbles
Ipoman Restaurant,/Restaurant_Review-g298298-d5432118-Reviews-Ipoman_Restaurant-Ipoh_Kinta_District_Perak.html,4 of 5 bubbles
Super Red Mini Steamboat,/Restaurant_Review-g298298-d11981240-Reviews-Super_Red_Mini_Steamboat-Ipoh_Kinta_District_Perak.html,4.5 of 5 bubbles
Restoran Pekan Nasi Kandar-DJ Bistro,/Restaurant_Review-g298298-d13160145-Reviews-Restoran_Pekan_Nasi_Kandar_DJ_Bistro-Ipoh_Kinta_District_Perak.html,4.5 of 5 bubbles
Tittle Tattle Houzz,/Restaurant_Review-g298298-d9605190-Reviews-Tittle_Tattle_Houzz-Ipoh_Kinta_District_Perak.html,4 of 5 bubbles
Su Nasi Kandar GP,/Restaurant_Review-g298298-d3330884-Reviews-Su_Nasi_Kandar_GP-Ipoh_Kinta_District_Perak.html,4 of 5 bubbles
Nam Heong Ipoh Soho,/Restaurant_Review-g298298-d7256284-Reviews-Nam_Heong_Ipoh_Soho-Ipoh_Kinta_District_Perak.html,3 of 5 bubbles
V-Nest Healthy & Wellness Cafe,/Restaurant_Review-g298298-d12636969-Reviews-V_Nest_Healthy_Wellness_Cafe-Ipoh_Kinta_District_Perak.html,5 of 5 bubbles
MYTH Eatery and Bar,/Restaurant_Review-g298298-d8333194-Reviews-MYTH_Eatery_and_Bar-Ipoh_Kinta_District_Perak.html,3 of 5 bubbles
Shinjuku Japanese cuisine,/Restaurant_Review-g298298-d10289446-Reviews-Shinjuku_Japanese_cuisine-Ipoh_Kinta_District_Perak.html,4.5 of 5 bubbles
Hj Sharin Low Grand,/Restaurant_Review-g298298-d3853540-Reviews-Hj_Sharin_Low_Grand-Ipoh_Kinta_District_Perak.html,3.5 of 5 bubbles
Daorae Korean BBQ,/Restaurant_Review-g298298-d10454733-Reviews-Daorae_Korean_BBQ-Ipoh_Kinta_District_Perak.html,3.5 of 5 bubbles
Yea Won,/Restaurant_Review-g298298-d12278848-Reviews-Yea_Won-Ipoh_Kinta_District_Perak.html,4.5 of 5 bubbles
Restoran Capati Medan Gopeng,/Restaurant_Review-g298298-d5864922-Reviews-Restoran_Capati_Medan_Gopeng-Ipoh_Kinta_District_Perak.html,3.5 of 5 bubbles
Sushi Tei,/Restaurant_Review-g298298-d8528199-Reviews-Sushi_Tei-Ipoh_Kinta_District_Perak.html,3.5 of 5 bubbles
Doi Chaang Coffee,/Restaurant_Review-g298298-d9705538-Reviews-Doi_Chaang_Coffee-Ipoh_Kinta_District_Perak.html,4 of 5 bubbles
Thai Mookata Steamboat & Cafe,/Restaurant_Review-g298298-d5523681-Reviews-Thai_Mookata_Steamboat_Cafe-Ipoh_Kinta_District_Perak.html,4.5 of 5 bubbles
Bareeseta Coffee House,/Restaurant_Review-g298298-d13138300-Reviews-Bareeseta_Coffee_House-Ipoh_Kinta_District_Perak.html,5 of 5 bubbles
Marketplace Waffle Bar & Cafe,/Restaurant_Review-g298298-d13284386-Reviews-Marketplace_Waffle_Bar_Cafe-Ipoh_Kinta_District_Perak.html,4 of 5 bubbles
KedaiKedai Makanan & Minuman Taman Timur,/Restaurant_Review-g298298-d7785718-Reviews-KedaiKedai_Makanan_Minuman_Taman_Timur-Ipoh_Kinta_District_Perak.html,4.5 of 5 bubbles
Big Bowl Ramen,/Restaurant_Review-g298298-d12346164-Reviews-Big_Bowl_Ramen-Ipoh_Kinta_District_Perak.html,4 of 5 bubbles
Laksa leaf cafe,/Restaurant_Review-g298298-d10467562-Reviews-Laksa_leaf_cafe-Ipoh_Kinta_District_Perak.html,4.5 of 5 bubbles
It's Allegra Cafe & Bakery,/Restaurant_Review-g298298-d5484538-Reviews-It_s_Allegra_Cafe_Bakery-Ipoh_Kinta_District_Perak.html,4.5 of 5 bubbles
Mikes Place 2.0,/Restaurant_Review-g298298-d5431861-Reviews-Mikes_Place_2_0-Ipoh_Kinta_District_Perak.html,4 of 5 bubbles
21 Grilled,/Restaurant_Review-g298298-d5432087-Reviews-21_Grilled-Ipoh_Kinta_District_Perak.html,3.5 of 5 bubbles
Hong Kong Oil Chicken & Roast Duck,/Restaurant_Review-g298298-d5432314-Reviews-Hong_Kong_Oil_Chicken_Roast_Duck-Ipoh_Kinta_District_Perak.html,4 of 5 bubbles
Born & Bread,/Restaurant_Review-g298298-d9608600-Reviews-Born_Bread-Ipoh_Kinta_District_Perak.html,4.5 of 5 bubbles
G.P.'s,/Restaurant_Review-g298298-d5866178-Reviews-G_P_s-Ipoh_Kinta_District_Perak.html,3.5 of 5 bubbles
Simple Cafe & Treats,/Restaurant_Review-g298298-d10544601-Reviews-Simple_Cafe_Treats-Ipoh_Kinta_District_Perak.html,4 of 5 bubbles
Royal China,/Restaurant_Review-g298298-d6691480-Reviews-Royal_China-Ipoh_Kinta_District_Perak.html,3.5 of 5 bubbles
Restoran Xiang Man Lou,/Restaurant_Review-g298298-d7814153-Reviews-Restoran_Xiang_Man_Lou-Ipoh_Kinta_District_Perak.html,4.5 of 5 bubbles
Pizza Hut Ipoh Central,/Restaurant_Review-g298298-d5432267-Reviews-Pizza_Hut_Ipoh_Central-Ipoh_Kinta_District_Perak.html,3.5 of 5 bubbles
Streats,/Restaurant_Review-g298298-d7724300-Reviews-Streats-Ipoh_Kinta_District_Perak.html,3.5 of 5 bubbles
Restoran Daun Pisang Medan Kidd,/Restaurant_Review-g298298-d7316770-Reviews-Restoran_Daun_Pisang_Medan_Kidd-Ipoh_Kinta_District_Perak.html,4.5 of 5 bubbles
Purple Moon Lover,/Restaurant_Review-g298298-d13354623-Reviews-Purple_Moon_Lover-Ipoh_Kinta_District_Perak.html,3.5 of 5 bubbles
Morel,/Restaurant_Review-g298298-d14005233-Reviews-Morel-Ipoh_Kinta_District_Perak.html,5 of 5 bubbles
Lung Seng Seafood,/Restaurant_Review-g298298-d3687110-Reviews-Lung_Seng_Seafood-Ipoh_Kinta_District_Perak.html,4 of 5 bubbles
Sidewalk Ice-Cream Lounge,/Restaurant_Review-g298298-d13952318-Reviews-Sidewalk_Ice_Cream_Lounge-Ipoh_Kinta_District_Perak.html,5 of 5 bubbles
Miker Food,/Restaurant_Review-g298298-d13795399-Reviews-Miker_Food-Ipoh_Kinta_District_Perak.html,5 of 5 bubbles
Restoran Hong Kong Dim Sum BFB,/Restaurant_Review-g298298-d13387524-Reviews-Restoran_Hong_Kong_Dim_Sum_BFB-Ipoh_Kinta_District_Perak.html,4 of 5 bubbles
Kao Wang Rosutto BBQ,/Restaurant_Review-g298298-d13820379-Reviews-Kao_Wang_Rosutto_BBQ-Ipoh_Kinta_District_Perak.html,5 of 5 bubbles
Kedai Mi Cong Yin,/Restaurant_Review-g298298-d12243329-Reviews-Kedai_Mi_Cong_Yin-Ipoh_Kinta_District_Perak.html,5 of 5 bubbles
Ninety Six Vegetarian Food,/Restaurant_Review-g298298-d13237330-Reviews-Ninety_Six_Vegetarian_Food-Ipoh_Kinta_District_Perak.html,5 of 5 bubbles
Pizza Hut Kompleks Mutiara,/Restaurant_Review-g298298-d5432322-Reviews-Pizza_Hut_Kompleks_Mutiara-Ipoh_Kinta_District_Perak.html,5 of 5 bubbles
Kedai Makanan Canning Garden,/Restaurant_Review-g298298-d12804539-Reviews-Kedai_Makanan_Canning_Garden-Ipoh_Kinta_District_Perak.html,4 of 5 bubbles
Krishna Bhawan Restaurant,/Restaurant_Review-g298298-d13821065-Reviews-Krishna_Bhawan_Restaurant-Ipoh_Kinta_District_Perak.html,5 of 5 bubbles
VN Diem Hen,/Restaurant_Review-g298298-d10482846-Reviews-VN_Diem_Hen-Ipoh_Kinta_District_Perak.html,3.5 of 5 bubbles
KamWan Restaurant DongGuTing,/Restaurant_Review-g298298-d13483492-Reviews-KamWan_Restaurant_DongGuTing-Ipoh_Kinta_District_Perak.html,5 of 5 bubbles
Just Say Cafe,/Restaurant_Review-g298298-d13414880-Reviews-Just_Say_Cafe-Ipoh_Kinta_District_Perak.html,5 of 5 bubbles
Park Mama K-Food Generation,/Restaurant_Review-g298298-d12486149-Reviews-Park_Mama_K_Food_Generation-Ipoh_Kinta_District_Perak.html,5 of 5 bubbles
Akamomiji,/Restaurant_Review-g298298-d13352160-Reviews-Akamomiji-Ipoh_Kinta_District_Perak.html,5 of 5 bubbles
First Coffee House,/Restaurant_Review-g298298-d13396107-Reviews-First_Coffee_House-Ipoh_Kinta_District_Perak.html,4 of 5 bubbles
Thumb's cafe,/Restaurant_Review-g298298-d5263966-Reviews-Thumb_s_cafe-Ipoh_Kinta_District_Perak.html,3 of 5 bubbles
Aurora Veggie-licious Cafe,/Restaurant_Review-g298298-d13184091-Reviews-Aurora_Veggie_licious_Cafe-Ipoh_Kinta_District_Perak.html,5 of 5 bubbles
Restoran Makanan Laut Crab House,/Restaurant_Review-g298298-d13206230-Reviews-Restoran_Makanan_Laut_Crab_House-Ipoh_Kinta_District_Perak.html,4 of 5 bubbles
Restoran Soo Har Yee,/Restaurant_Review-g298298-d10125865-Reviews-Restoran_Soo_Har_Yee-Ipoh_Kinta_District_Perak.html,5 of 5 bubbles
Sama Same Kaya,/Restaurant_Review-g298298-d12875806-Reviews-Sama_Same_Kaya-Ipoh_Kinta_District_Perak.html,5 of 5 bubbles
Kafe South Point,/Restaurant_Review-g298298-d12921392-Reviews-Kafe_South_Point-Ipoh_Kinta_District_Perak.html,5 of 5 bubbles
My Best Western CAFE,/Restaurant_Review-g298298-d5863260-Reviews-My_Best_Western_CAFE-Ipoh_Kinta_District_Perak.html,5 of 5 bubbles
Sing MA Thai Restaurant,/Restaurant_Review-g298298-d12244061-Reviews-Sing_MA_Thai_Restaurant-Ipoh_Kinta_District_Perak.html,3.5 of 5 bubbles
W9 Gelato Italian Ice Cream,/Restaurant_Review-g298298-d12691747-Reviews-W9_Gelato_Italian_Ice_Cream-Ipoh_Kinta_District_Perak.html,5 of 5 bubbles
Yishensu Vegetarian Restaurant,/Restaurant_Review-g298298-d3355961-Reviews-Yishensu_Vegetarian_Restaurant-Ipoh_Kinta_District_Perak.html,3.5 of 5 bubbles
Ichiro Zen,/Restaurant_Review-g298298-d12590432-Reviews-Ichiro_Zen-Ipoh_Kinta_District_Perak.html,5 of 5 bubbles
Pick A Pot Bak Kut Teh,/Restaurant_Review-g298298-d12514781-Reviews-Pick_A_Pot_Bak_Kut_Teh-Ipoh_Kinta_District_Perak.html,5 of 5 bubbles
Padi House,/Restaurant_Review-g298298-d13325792-Reviews-Padi_House-Ipoh_Kinta_District_Perak.html,3.5 of 5 bubbles
Nanyang Kopitiam,/Restaurant_Review-g298298-d8874159-Reviews-Nanyang_Kopitiam-Ipoh_Kinta_District_Perak.html,4 of 5 bubbles
Rennori,/Restaurant_Review-g298298-d12309197-Reviews-Rennori-Ipoh_Kinta_District_Perak.html,4 of 5 bubbles
Rewine Wine and Dine,/Restaurant_Review-g298298-d9857072-Reviews-Rewine_Wine_and_Dine-Ipoh_Kinta_District_Perak.html,3.5 of 5 bubbles
"Pak Hailam Kopitiam Silibin, Ipoh",/Restaurant_Review-g298298-d5972630-Reviews-Pak_Hailam_Kopitiam_Silibin_Ipoh-Ipoh_Kinta_District_Perak.html,5 of 5 bubbles
Gomok Ipoh,/Restaurant_Review-g298298-d9594470-Reviews-Gomok_Ipoh-Ipoh_Kinta_District_Perak.html,3.5 of 5 bubbles
Social Lab,/Restaurant_Review-g298298-d10467682-Reviews-Social_Lab-Ipoh_Kinta_District_Perak.html,3.5 of 5 bubbles
MM Fried Chicken,/Restaurant_Review-g298298-d5863110-Reviews-MM_Fried_Chicken-Ipoh_Kinta_District_Perak.html,5 of 5 bubbles
Valentino Bridal Cafe,/Restaurant_Review-g298298-d8404691-Reviews-Valentino_Bridal_Cafe-Ipoh_Kinta_District_Perak.html,4.5 of 5 bubbles
Kopi Sechewen,/Restaurant_Review-g298298-d1231557-Reviews-Kopi_Sechewen-Ipoh_Kinta_District_Perak.html,4 of 5 bubbles
Restoran Kan Nan,/Restaurant_Review-g298298-d10847977-Reviews-Restoran_Kan_Nan-Ipoh_Kinta_District_Perak.html,5 of 5 bubbles
Fu Lim Restaurant,/Restaurant_Review-g298298-d8766149-Reviews-Fu_Lim_Restaurant-Ipoh_Kinta_District_Perak.html,3.5 of 5 bubbles
Restoran eipoh,/Restaurant_Review-g298298-d5859077-Reviews-Restoran_eipoh-Ipoh_Kinta_District_Perak.html,4 of 5 bubbles
Restaurant Fay Loo,/Restaurant_Review-g298298-d9813420-Reviews-Restaurant_Fay_Loo-Ipoh_Kinta_District_Perak.html,4 of 5 bubbles
East Cafe,/Restaurant_Review-g298298-d10487281-Reviews-East_Cafe-Ipoh_Kinta_District_Perak.html,5 of 5 bubbles
Olijasca Nourishment Cafe,/Restaurant_Review-g298298-d9813947-Reviews-Olijasca_Nourishment_Cafe-Ipoh_Kinta_District_Perak.html,3 of 5 bubbles
Terracerustic Cafe,/Restaurant_Review-g298298-d10328298-Reviews-Terracerustic_Cafe-Ipoh_Kinta_District_Perak.html,5 of 5 bubbles
ROJAK GREENTOWN,/Restaurant_Review-g298298-d5873162-Reviews-ROJAK_GREENTOWN-Ipoh_Kinta_District_Perak.html,5 of 5 bubbles
Restoran Nijam,/Restaurant_Review-g298298-d7758472-Reviews-Restoran_Nijam-Ipoh_Kinta_District_Perak.html,4 of 5 bubbles
Ghafar Cafe,/Restaurant_Review-g298298-d8784035-Reviews-Ghafar_Cafe-Ipoh_Kinta_District_Perak.html,5 of 5 bubbles
Bro'S corner western fusion,/Restaurant_Review-g298298-d5890217-Reviews-Bro_S_corner_western_fusion-Ipoh_Kinta_District_Perak.html,4 of 5 bubbles
Denis Jaz Cafe,/Restaurant_Review-g298298-d939494-Reviews-Denis_Jaz_Cafe-Ipoh_Kinta_District_Perak.html,4 of 5 bubbles
Beacon Point,/Restaurant_Review-g298298-d5432219-Reviews-Beacon_Point-Ipoh_Kinta_District_Perak.html,3.5 of 5 bubbles
Morsel Eatery,/Restaurant_Review-g298298-d8298059-Reviews-Morsel_Eatery-Ipoh_Kinta_District_Perak.html,3.5 of 5 bubbles
Shin Chan Ramen,/Restaurant_Review-g298298-d8355218-Reviews-Shin_Chan_Ramen-Ipoh_Kinta_District_Perak.html,3.5 of 5 bubbles
Goo9s,/Restaurant_Review-g298298-d14005520-Reviews-Goo9s-Ipoh_Kinta_District_Perak.html,4 of 5 bubbles
Restoran Little Cuisine,/Restaurant_Review-g298298-d13986928-Reviews-Restoran_Little_Cuisine-Ipoh_Kinta_District_Perak.html,4 of 5 bubbles
Lai Kee Chop Rice,/Restaurant_Review-g298298-d13976255-Reviews-Lai_Kee_Chop_Rice-Ipoh_Kinta_District_Perak.html,4 of 5 bubbles
Restoran Tet Shin,/Restaurant_Review-g298298-d13803524-Reviews-Restoran_Tet_Shin-Ipoh_Kinta_District_Perak.html,4 of 5 bubbles
Garden Roast Duck Restaurant,/Restaurant_Review-g298298-d13952454-Reviews-Garden_Roast_Duck_Restaurant-Ipoh_Kinta_District_Perak.html,4 of 5 bubbles
Roy Thai Restaurant,/Restaurant_Review-g298298-d13934554-Reviews-Roy_Thai_Restaurant-Ipoh_Kinta_District_Perak.html,4 of 5 bubbles
Restoran Hui Ji,/Restaurant_Review-g298298-d13923757-Reviews-Restoran_Hui_Ji-Ipoh_Kinta_District_Perak.html,4 of 5 bubbles
Sam Ma Chicken Rice Shop,/Restaurant_Review-g298298-d13806517-Reviews-Sam_Ma_Chicken_Rice_Shop-Ipoh_Kinta_District_Perak.html,4 of 5 bubbles
Twin Char Kuey Teow,/Restaurant_Review-g298298-d13563262-Reviews-Twin_Char_Kuey_Teow-Ipoh_Kinta_District_Perak.html,4 of 5 bubbles
Restoran Sun Heng Kee,/Restaurant_Review-g298298-d8852625-Reviews-Restoran_Sun_Heng_Kee-Ipoh_Kinta_District_Perak.html,3.5 of 5 bubbles
Restoran Taman Ramai,/Restaurant_Review-g298298-d13511623-Reviews-Restoran_Taman_Ramai-Ipoh_Kinta_District_Perak.html,4 of 5 bubbles
Nan Station 18,/Restaurant_Review-g298298-d13286955-Reviews-Nan_Station_18-Ipoh_Kinta_District_Perak.html,4 of 5 bubbles
Kafe Zun Seng Fatt,/Restaurant_Review-g298298-d13286956-Reviews-Kafe_Zun_Seng_Fatt-Ipoh_Kinta_District_Perak.html,4 of 5 bubbles
The Best Restaurant,/Restaurant_Review-g298298-d13237639-Reviews-The_Best_Restaurant-Ipoh_Kinta_District_Perak.html,4 of 5 bubbles
Kedai Kopi Chang Jiang,/Restaurant_Review-g298298-d13239036-Reviews-Kedai_Kopi_Chang_Jiang-Ipoh_Kinta_District_Perak.html,4 of 5 bubbles
Kafe Fei Bo Snow Beer 肥波雪花啤酒,/Restaurant_Review-g298298-d13238286-Reviews-Kafe_Fei_Bo_Snow_Beer-Ipoh_Kinta_District_Perak.html,4 of 5 bubbles
Restoran Bercham Cheong Kee 巴占祥記炒粉茶餐室,/Restaurant_Review-g298298-d13238204-Reviews-Restoran_Bercham_Cheong_Kee-Ipoh_Kinta_District_Perak.html,4 of 5 bubbles
Kedai Makanan Dan Minuman Desa Rishah,/Restaurant_Review-g298298-d10077524-Reviews-Kedai_Makanan_Dan_Minuman_Desa_Rishah-Ipoh_Kinta_District_Perak.html,4 of 5 bubbles
Scotch Restaurant & Pub,/Restaurant_Review-g298298-d5432231-Reviews-Scotch_Restaurant_Pub-Ipoh_Kinta_District_Perak.html,3 of 5 bubbles
Dozo,/Restaurant_Review-g298298-d13205499-Reviews-Dozo-Ipoh_Kinta_District_Perak.html,3.5 of 5 bubbles
Juice Works,/Restaurant_Review-g298298-d12548677-Reviews-Juice_Works-Ipoh_Kinta_District_Perak.html,4 of 5 bubbles
Tirupathi Vilas,/Restaurant_Review-g298298-d12117924-Reviews-Tirupathi_Vilas-Ipoh_Kinta_District_Perak.html,3.5 of 5 bubbles
Hadramaut,/Restaurant_Review-g298298-d4837634-Reviews-Hadramaut-Ipoh_Kinta_District_Perak.html,3 of 5 bubbles
Mama Noodle Cafe,/Restaurant_Review-g298298-d12879314-Reviews-Mama_Noodle_Cafe-Ipoh_Kinta_District_Perak.html,4 of 5 bubbles
Karat Cafe,/Restaurant_Review-g298298-d12986022-Reviews-Karat_Cafe-Ipoh_Kinta_District_Perak.html,3.5 of 5 bubbles
Sri Asoka Corner,/Restaurant_Review-g298298-d10902605-Reviews-Sri_Asoka_Corner-Ipoh_Kinta_District_Perak.html,4 of 5 bubbles
R Heritage Recipes,/Restaurant_Review-g298298-d10598245-Reviews-R_Heritage_Recipes-Ipoh_Kinta_District_Perak.html,4 of 5 bubbles
Hong Feng Restaurant,/Restaurant_Review-g298298-d12485797-Reviews-Hong_Feng_Restaurant-Ipoh_Kinta_District_Perak.html,4 of 5 bubbles
SHSH Steamboat,/Restaurant_Review-g298298-d12427331-Reviews-SHSH_Steamboat-Ipoh_Kinta_District_Perak.html,4 of 5 bubbles
MP BBQ Steamboat,/Restaurant_Review-g298298-d8668179-Reviews-MP_BBQ_Steamboat-Ipoh_Kinta_District_Perak.html,3.5 of 5 bubbles
Cafe Fortuna,/Restaurant_Review-g298298-d10355364-Reviews-Cafe_Fortuna-Ipoh_Kinta_District_Perak.html,4 of 5 bubbles
Labu Sayong Signature,/Restaurant_Review-g298298-d13114371-Reviews-Labu_Sayong_Signature-Ipoh_Kinta_District_Perak.html,3.5 of 5 bubbles
Restoran Ipoh F & B Paradise,/Restaurant_Review-g298298-d12072025-Reviews-Restoran_Ipoh_F_B_Paradise-Ipoh_Kinta_District_Perak.html,4 of 5 bubbles
Nasi Briyani Bukhara,/Restaurant_Review-g298298-d12002592-Reviews-Nasi_Briyani_Bukhara-Ipoh_Kinta_District_Perak.html,4 of 5 bubbles
Tomyam Arnan Restaurant,/Restaurant_Review-g298298-d12049610-Reviews-Tomyam_Arnan_Restaurant-Ipoh_Kinta_District_Perak.html,3.5 of 5 bubbles
Restoran Li Yuan Dim Sum,/Restaurant_Review-g298298-d11855303-Reviews-Restoran_Li_Yuan_Dim_Sum-Ipoh_Kinta_District_Perak.html,4 of 5 bubbles
Areeya Tomyam,/Restaurant_Review-g298298-d7678780-Reviews-Areeya_Tomyam-Ipoh_Kinta_District_Perak.html,3.5 of 5 bubbles
Reaturant Wan Chai Kok,/Restaurant_Review-g298298-d11434365-Reviews-Reaturant_Wan_Chai_Kok-Ipoh_Kinta_District_Perak.html,4 of 5 bubbles
Pusat Kuih & Kek Khoo Eng Chee,/Restaurant_Review-g298298-d11736983-Reviews-Pusat_Kuih_Kek_Khoo_Eng_Chee-Ipoh_Kinta_District_Perak.html,3.5 of 5 bubbles
Hanamaru Udon,/Restaurant_Review-g298298-d11638931-Reviews-Hanamaru_Udon-Ipoh_Kinta_District_Perak.html,3.5 of 5 bubbles
Restoran Mandarin Kitchen,/Restaurant_Review-g298298-d10716099-Reviews-Restoran_Mandarin_Kitchen-Ipoh_Kinta_District_Perak.html,4 of 5 bubbles
Hungry Joe's,/Restaurant_Review-g298298-d10637458-Reviews-Hungry_Joe_s-Ipoh_Kinta_District_Perak.html,4 of 5 bubbles
Canton Palace Restaurant and Lounge,/Restaurant_Review-g298298-d5859324-Reviews-Canton_Palace_Restaurant_and_Lounge-Ipoh_Kinta_District_Perak.html,4 of 5 bubbles
Boston Restaurant,/Restaurant_Review-g298298-d10237669-Reviews-Boston_Restaurant-Ipoh_Kinta_District_Perak.html,3.5 of 5 bubbles
Beacon Point Trading & Training,/Restaurant_Review-g298298-d5432212-Reviews-Beacon_Point_Trading_Training-Ipoh_Kinta_District_Perak.html,4 of 5 bubbles
Bali Assam House,/Restaurant_Review-g298298-d8067513-Reviews-Bali_Assam_House-Ipoh_Kinta_District_Perak.html,3 of 5 bubbles
Damansara Village Seafood & Steamboat Restaurant,/Restaurant_Review-g298298-d8420216-Reviews-Damansara_Village_Seafood_Steamboat_Restaurant-Ipoh_Kinta_District_Perak.html,3.5 of 5 bubbles
Yamabuki,/Restaurant_Review-g298298-d8527734-Reviews-Yamabuki-Ipoh_Kinta_District_Perak.html,4 of 5 bubbles
Maysin Restaurant,/Restaurant_Review-g298298-d8052641-Reviews-Maysin_Restaurant-Ipoh_Kinta_District_Perak.html,3.5 of 5 bubbles
42 Foodies,/Restaurant_Review-g298298-d5431765-Reviews-42_Foodies-Ipoh_Kinta_District_Perak.html,3.5 of 5 bubbles
Aeon Station 18 Hong Kong Kim Gary Restaurant,/Restaurant_Review-g298298-d5439054-Reviews-Aeon_Station_18_Hong_Kong_Kim_Gary_Restaurant-Ipoh_Kinta_District_Perak.html,3 of 5 bubbles
Restaurant Oz,/Restaurant_Review-g298298-d5431779-Reviews-Restaurant_Oz-Ipoh_Kinta_District_Perak.html,3.5 of 5 bubbles
Tai Thong,/Restaurant_Review-g298298-d5439296-Reviews-Tai_Thong-Ipoh_Kinta_District_Perak.html,4 of 5 bubbles
Mee Rendang Tok,/Restaurant_Review-g298298-d5262590-Reviews-Mee_Rendang_Tok-Ipoh_Kinta_District_Perak.html,4 of 5 bubbles
"Tomi Japanese Restaurant, Ipoh",/Restaurant_Review-g298298-d4724721-Reviews-Tomi_Japanese_Restaurant_Ipoh-Ipoh_Kinta_District_Perak.html,3 of 5 bubbles
Friendscafe,/Restaurant_Review-g298298-d5431979-Reviews-Friendscafe-Ipoh_Kinta_District_Perak.html,3 of 5 bubbles
Ipoh Garden Curry Mee in Gp Food Court First Garden,/Restaurant_Review-g298298-d5859088-Reviews-Ipoh_Garden_Curry_Mee_in_Gp_Food_Court_First_Garden-Ipoh_Kinta_District_Perak.html,3.5 of 5 bubbles
"Ipoh , Perak",/Restaurant_Review-g298298-d10768807-Reviews-Ipoh_Perak-Ipoh_Kinta_District_Perak.html,3 of 5 bubbles
Resturan Good Times,/Restaurant_Review-g298298-d7078120-Reviews-Resturan_Good_Times-Ipoh_Kinta_District_Perak.html,3 of 5 bubbles
Foods Street Cafe,/Restaurant_Review-g298298-d3699192-Reviews-Foods_Street_Cafe-Ipoh_Kinta_District_Perak.html,3 of 5 bubbles
Restoran the Taste of China,/Restaurant_Review-g298298-d8852626-Reviews-Restoran_the_Taste_of_China-Ipoh_Kinta_District_Perak.html,3 of 5 bubbles
KETPS,/Restaurant_Review-g298298-d8115595-Reviews-KETPS-Ipoh_Kinta_District_Perak.html,3 of 5 bubbles
ARoy Dee Cafe,/Restaurant_Review-g298298-d11766948-Reviews-ARoy_Dee_Cafe-Ipoh_Kinta_District_Perak.html,3 of 5 bubbles
Kedai Kopi Sun Yuan Loong,/Restaurant_Review-g298298-d13445201-Reviews-Kedai_Kopi_Sun_Yuan_Loong-Ipoh_Kinta_District_Perak.html,3 of 5 bubbles
Qasar Saba,/Restaurant_Review-g298298-d5498300-Reviews-Qasar_Saba-Ipoh_Kinta_District_Perak.html,3.5 of 5 bubbles
The Cuisine,/Restaurant_Review-g298298-d12103342-Reviews-The_Cuisine-Ipoh_Kinta_District_Perak.html,3 of 5 bubbles
De Mouth Cuisine,/Restaurant_Review-g298298-d5850081-Reviews-De_Mouth_Cuisine-Ipoh_Kinta_District_Perak.html,3 of 5 bubbles
Restoran Xing Yun Tauge Ayam,/Restaurant_Review-g298298-d10516801-Reviews-Restoran_Xing_Yun_Tauge_Ayam-Ipoh_Kinta_District_Perak.html,3 of 5 bubbles
Gopeng Lai Fun,/Restaurant_Review-g298298-d8005524-Reviews-Gopeng_Lai_Fun-Ipoh_Kinta_District_Perak.html,3 of 5 bubbles
Sakae Sushi,/Restaurant_Review-g298298-d11932255-Reviews-Sakae_Sushi-Ipoh_Kinta_District_Perak.html,3 of 5 bubbles
Nasi Kandar Md Arifix,/Restaurant_Review-g298298-d12918607-Reviews-Nasi_Kandar_Md_Arifix-Ipoh_Kinta_District_Perak.html,3 of 5 bubbles
Restoran Nasi Vanggey,/Restaurant_Review-g298298-d13001594-Reviews-Restoran_Nasi_Vanggey-Ipoh_Kinta_District_Perak.html,3 of 5 bubbles
Vintage Coffee and Bread,/Restaurant_Review-g298298-d13196811-Reviews-Vintage_Coffee_and_Bread-Ipoh_Kinta_District_Perak.html,3 of 5 bubbles
Gerai Nasi Goreng Udang,/Restaurant_Review-g298298-d7315982-Reviews-Gerai_Nasi_Goreng_Udang-Ipoh_Kinta_District_Perak.html,3 of 5 bubbles
Yeop's Kitchen,/Restaurant_Review-g298298-d11918652-Reviews-Yeop_s_Kitchen-Ipoh_Kinta_District_Perak.html,3 of 5 bubbles
Kedai Kopi Kwong Hong,/Restaurant_Review-g298298-d13315156-Reviews-Kedai_Kopi_Kwong_Hong-Ipoh_Kinta_District_Perak.html,3 of 5 bubbles
Cathay Mee Stall,/Restaurant_Review-g298298-d10435558-Reviews-Cathay_Mee_Stall-Ipoh_Kinta_District_Perak.html,3 of 5 bubbles
Restaurant Teochiew Ipoh,/Restaurant_Review-g298298-d9602748-Reviews-Restaurant_Teochiew_Ipoh-Ipoh_Kinta_District_Perak.html,3 of 5 bubbles
Ong Kee Bean Sprouts,/Restaurant_Review-g298298-d13238124-Reviews-Ong_Kee_Bean_Sprouts-Ipoh_Kinta_District_Perak.html,3 of 5 bubbles
Thin Hei Vegetarian Restaurant,/Restaurant_Review-g298298-d3158446-Reviews-Thin_Hei_Vegetarian_Restaurant-Ipoh_Kinta_District_Perak.html,3 of 5 bubbles
Mu Bar,/Restaurant_Review-g298298-d12300243-Reviews-Mu_Bar-Ipoh_Kinta_District_Perak.html,3 of 5 bubbles
Hillcity Restaurant Sdn. Bhd.,/Restaurant_Review-g298298-d2512841-Reviews-Hillcity_Restaurant_Sdn_Bhd-Ipoh_Kinta_District_Perak.html,3 of 5 bubbles
Something's Brewing,/Restaurant_Review-g298298-d7259741-Reviews-Something_s_Brewing-Ipoh_Kinta_District_Perak.html,3 of 5 bubbles
Kong Gu Kai@Tsg_Snow Beer,/Restaurant_Review-g298298-d5849800-Reviews-Kong_Gu_Kai_Tsg_Snow_Beer-Ipoh_Kinta_District_Perak.html,3 of 5 bubbles
Medan Selera Man U,/Restaurant_Review-g298298-d1161430-Reviews-Medan_Selera_Man_U-Ipoh_Kinta_District_Perak.html,2 of 5 bubbles
My Elephant,/Restaurant_Review-g298298-d10359472-Reviews-My_Elephant-Ipoh_Kinta_District_Perak.html,3 of 5 bubbles
Gui Ling Tong,/Restaurant_Review-g298298-d9779108-Reviews-Gui_Ling_Tong-Ipoh_Kinta_District_Perak.html,4.5 of 5 bubbles
Souper Tang,/Restaurant_Review-g298298-d12093325-Reviews-Souper_Tang-Ipoh_Kinta_District_Perak.html,2.5 of 5 bubbles
Mee Kicap Mat Jasak,/Restaurant_Review-g298298-d1231558-Reviews-Mee_Kicap_Mat_Jasak-Ipoh_Kinta_District_Perak.html,3 of 5 bubbles
OIC Cafe,/Restaurant_Review-g298298-d6557075-Reviews-OIC_Cafe-Ipoh_Kinta_District_Perak.html,3 of 5 bubbles
Bar.Racuda Restaurant & Bar,/Restaurant_Review-g298298-d5431976-Reviews-Bar_Racuda_Restaurant_Bar-Ipoh_Kinta_District_Perak.html,2.5 of 5 bubbles
Kim Bali,/Restaurant_Review-g298298-d1068372-Reviews-Kim_Bali-Ipoh_Kinta_District_Perak.html,3 of 5 bubbles
Eurasia Cafe,/Restaurant_Review-g298298-d8863535-Reviews-Eurasia_Cafe-Ipoh_Kinta_District_Perak.html,2.5 of 5 bubbles
Lanna Thai Restaurant,/Restaurant_Review-g298298-d10756383-Reviews-Lanna_Thai_Restaurant-Ipoh_Kinta_District_Perak.html,3 of 5 bubbles
Le Maison Cafe,/Restaurant_Review-g298298-d10196355-Reviews-Le_Maison_Cafe-Ipoh_Kinta_District_Perak.html,2.5 of 5 bubbles
Second Mama Red Bean Ice,/Restaurant_Review-g298298-d12692446-Reviews-Second_Mama_Red_Bean_Ice-Ipoh_Kinta_District_Perak.html,2.5 of 5 bubbles
Check In Kitchen & Bar,/Restaurant_Review-g298298-d8621277-Reviews-Check_In_Kitchen_Bar-Ipoh_Kinta_District_Perak.html,3.5 of 5 bubbles
Boat Noodle,/Restaurant_Review-g298298-d13991540-Reviews-Boat_Noodle-Ipoh_Kinta_District_Perak.html,2 of 5 bubbles
Up & up restaurant,/Restaurant_Review-g298298-d11779059-Reviews-Up_up_restaurant-Ipoh_Kinta_District_Perak.html,2.5 of 5 bubbles
TakeTsuru Japanese Dining,/Restaurant_Review-g298298-d8672751-Reviews-TakeTsuru_Japanese_Dining-Ipoh_Kinta_District_Perak.html,2.5 of 5 bubbles
Harold's Bread Old Town,/Restaurant_Review-g298298-d5972998-Reviews-Harold_s_Bread_Old_Town-Ipoh_Kinta_District_Perak.html,3 of 5 bubbles
ASSAM HOUSE Restaurant,/Restaurant_Review-g298298-d10693364-Reviews-ASSAM_HOUSE_Restaurant-Ipoh_Kinta_District_Perak.html,4.5 of 5 bubbles
Se7en Box Cafe,/Restaurant_Review-g298298-d7608461-Reviews-Se7en_Box_Cafe-Ipoh_Kinta_District_Perak.html,4 of 5 bubbles
Nellis Deli,/Restaurant_Review-g298298-d9808706-Reviews-Nellis_Deli-Ipoh_Kinta_District_Perak.html,3.5 of 5 bubbles
Pizza Hut Tambun,/Restaurant_Review-g298298-d5432233-Reviews-Pizza_Hut_Tambun-Ipoh_Kinta_District_Perak.html,1 of 5 bubbles
Windmill Restaurant Aeon Klebang,/Restaurant_Review-g298298-d9829751-Reviews-Windmill_Restaurant_Aeon_Klebang-Ipoh_Kinta_District_Perak.html,2 of 5 bubbles
Kedai Makanan & Minuman Sri Mahkota,/Restaurant_Review-g298298-d13370587-Reviews-Kedai_Makanan_Minuman_Sri_Mahkota-Ipoh_Kinta_District_Perak.html,1 of 5 bubbles
Warteg,/Restaurant_Review-g298298-d12604430-Reviews-Warteg-Ipoh_Kinta_District_Perak.html,1 of 5 bubbles
Restaurant Lou Leong,/Restaurant_Review-g298298-d4044903-Reviews-Restaurant_Lou_Leong-Ipoh_Kinta_District_Perak.html,3 of 5 bubbles
"Tutti Frutti Medan Gopeng,Ipoh",/Restaurant_Review-g298298-d5859112-Reviews-Tutti_Frutti_Medan_Gopeng_Ipoh-Ipoh_Kinta_District_Perak.html,1.5 of 5 bubbles
Pizza Hut Ipoh Kinta City,/Restaurant_Review-g298298-d5432358-Reviews-Pizza_Hut_Ipoh_Kinta_City-Ipoh_Kinta_District_Perak.html,2 of 5 bubbles
Super Taste Steamboat Restaurant,/Restaurant_Review-g298298-d2479631-Reviews-Super_Taste_Steamboat_Restaurant-Ipoh_Kinta_District_Perak.html,3 of 5 bubbles
Mcdonald's,/Restaurant_Review-g298298-d5431928-Reviews-Mcdonald_s-Ipoh_Kinta_District_Perak.html,2 of 5 bubbles
Secret Garden,/Restaurant_Review-g298298-d9609161-Reviews-Secret_Garden-Ipoh_Kinta_District_Perak.html,2.5 of 5 bubbles
Ben & Lynette,/Restaurant_Review-g298298-d7039506-Reviews-Ben_Lynette-Ipoh_Kinta_District_Perak.html,2.5 of 5 bubbles
Yeolde English,/Restaurant_Review-g298298-d5432345-Reviews-Yeolde_English-Ipoh_Kinta_District_Perak.html,2 of 5 bubbles
Bella Zia Sdn Bhd,/Restaurant_Review-g298298-d12567940-Reviews-Bella_Zia_Sdn_Bhd-Ipoh_Kinta_District_Perak.html,3 of 5 bubbles
Spicy Hotpot Restaurant,/Restaurant_Review-g298298-d10372988-Reviews-Spicy_Hotpot_Restaurant-Ipoh_Kinta_District_Perak.html,5 of 5 bubbles
Restoran Botani Dim Sum,/Restaurant_Review-g298298-d13481619-Reviews-Restoran_Botani_Dim_Sum-Ipoh_Kinta_District_Perak.html,5 of 5 bubbles
